ALL,FNO
Nifty 50,Nifty 50
Nifty Next 50,Nifty Bank
Nifty 100,Nifty Financial Services
Nifty 200,Nifty 51
Nifty 500,Nifty Bank
Nifty Midcap 50,Nifty Financial Services
NIFTY Midcap 100,Nifty 52
NIFTY Smallcap 100,Nifty Bank
Nifty50 Dividend Points,Nifty Financial Services
Nifty Auto,Nifty 53
Nifty Bank,Nifty Bank
Nifty Energy,Nifty Financial Services
Nifty Financial Services,Nifty 54
Nifty FMCG,Nifty Bank
Nifty IT,Nifty Financial Services
Nifty Media,Nifty 55
Nifty Metal,Nifty Bank
Nifty MNC,Nifty Financial Services
Nifty Pharma,Nifty 56
Nifty PSU Bank,Nifty Bank
Nifty Realty,Nifty Financial Services
Nifty India Consumption,Nifty 57
Nifty Commodities,Nifty Bank
Nifty Dividend Opportunities 50,Nifty Financial Services
Nifty Infrastructure,Nifty 58
Nifty PSE,Nifty Bank
Nifty Services Sector,Nifty Financial Services
Nifty50 Shariah,Nifty 59
Nifty500 Shariah,Nifty Bank
Nifty Low Volatility 50,Nifty Financial Services
Nifty Alpha 50,Nifty 60
Nifty High Beta 50,Nifty Bank
Nifty100 Equal Weight,Nifty Financial Services
Nifty100 Liquid 15,Nifty 61
Nifty CPSE,Nifty Bank
Nifty50 Value 20,Nifty Financial Services
Nifty Midcap Liquid 15,Nifty 62
Nifty Shariah 25,Nifty Bank
India VIX,Nifty Financial Services
Nifty Growth Sectors 15,Nifty 63
Nifty50 TR 1x Inverse,Nifty Bank
Nifty50 TR 2x Leverage,Nifty Financial Services
Nifty50 PR 1x Inverse,Nifty 64
Nifty50 PR 2x Leverage,Nifty Bank
NIFTY100 Quality 30,Nifty Financial Services
Nifty 50 Futures TR Index,Nifty 65
Nifty 50 Arbitrage,Nifty Bank
Nifty Consumer Durables,Nifty Financial Services
Nifty100 Low Volatility 30,Nifty 66
NIFTY Alpha Low-Volatility 30,Nifty Bank
NIFTY Quality Low-Volatility 30,Nifty Financial Services
NIFTY Alpha Quality Low-Volatility 30,Nifty 67
NIFTY Alpha Quality Value Low-Volatility 30,Nifty Bank
NIFTY200 Quality 30,Nifty Financial Services
NIFTY Midcap150 Quality 50,Nifty 68
Nifty200 Momentum 30,Nifty Bank
Nifty India Manufacturing,Nifty Financial Services
Nifty Midcap Select,Nifty 69
NIFTY LargeMidcap 250,Nifty Bank
NIFTY SME EMERGE,Nifty Financial Services
Nifty Oil & Gas,Nifty 70
Nifty Financial Services 25/50,Nifty Bank
Nifty100 ESG Sector Leaders,Nifty Financial Services
Nifty Healthcare Index,Nifty 71
Nifty500 Multicap 50:25:25,Nifty Bank
Nifty Microcap 250,Nifty Financial Services
NIFTY100 ESG,Nifty 72
NIFTY100 Enhanced ESG,Nifty Bank
NIFTY500 Value 50,Nifty Financial Services
NIFTY100 Alpha 30,Nifty 73
Nifty 50 Futures Index,Nifty Bank
Nifty Aditya Birla Group,Nifty Financial Services
Nifty Midcap 150,Nifty 74
Nifty MidSmallcap 400,Nifty Bank
Nifty Smallcap 50,Nifty Financial Services
Nifty Smallcap 250,Nifty 75
Nifty Private Bank,Nifty Bank
Nifty Tata Group 25% Cap,Nifty Financial Services
Nifty Tata Group,Nifty 76
Nifty Mahindra Group,Nifty Bank
NIFTY50 Equal Weight,Nifty Financial Services
Nifty 8-13 yr G-Sec,Nifty 77
Nifty 4-8 yr G-Sec Index,Nifty Bank
Nifty 11-15 yr G-Sec Index,Nifty Financial Services
Nifty 15 yr and above G-Sec Index,Nifty 78
Nifty Composite G-sec Index,Nifty Bank
Nifty 10 yr Benchmark G-Sec,Nifty Financial Services
Nifty 10 yr Benchmark G-Sec (Clean Price),Nifty 79
Nifty 1D Rate Index,Nifty Bank
Nifty50 USD,Nifty Financial Services
